code,p,n_data,n_total,k,figure,decoder_label,shots,errors,logical_error_rate,seconds,decoder
bb_144_12_12,0.01,144,288,12,2,gpu_bposd,100000,99982,0.99982,2550.7672323309816,nv-qldpc-decoder
bb_144_12_12,0.007,144,288,12,2,gpu_bposd,100000,96757,0.96757,2410.04814157309,nv-qldpc-decoder
bb_144_12_12,0.005,144,288,12,2,gpu_bposd,100000,41781,0.41781,2137.3126108888537,nv-qldpc-decoder
bb_144_12_12,0.003,144,288,12,2,gpu_bposd,100000,1003,0.01003,1177.5779305731412,nv-qldpc-decoder
bb_144_12_12,0.002,144,288,12,2,gpu_bposd,300000,130,0.0004333333333333333,2501.2301796129905,nv-qldpc-decoder
bb_144_12_12,0.001,144,288,12,2,gpu_bposd,7400000,36,4.864864864864865e-06,76960.4,nv-qldpc-decoder
