code,distance,p,n_data,n_total,k,rounds,shots,errors,logical_error_rate,seconds,decoder
color_code,3,0.001,7,13,1,3,180000,539,0.0029944444444444445,22.552774619078264,mwpf
color_code,5,0.001,19,37,1,5,270000,240,0.0008888888888888889,76.62687151110731,mwpf
color_code,7,0.001,37,73,1,7,440000,155,0.0003522727272727273,358.95019104890525,mwpf
