d,rounds,p,num_qubits,num_detectors,num_observables,corridor_width,shots,post_selected_shots,post_selection_rate,errors,logical_error_rate,decoding_time_sec,decoder,build_time_sec
3,3,0.001,272,1732,4,7,1600000,328024,0.205015,16357,0.04986525376191986,1.5616007880016696,pymatching,4.07
3,3,0.0001,272,1732,4,7,1800000,1462102,0.8122788888888889,1775,0.001214005589213338,2.055881352000142,pymatching,4.07
5,5,0.001,768,8552,4,11,1850000,234485,0.12674864864864865,1336,0.005697592596541357,7.064088596001966,pymatching,84.38
5,5,0.0001,768,8552,4,11,10000000,5780149,0.5780149,28,4.844165781885554e-06,18.59432719599863,pymatching,84.38
7,7,0.001,1520,24044,4,15,4800000,600368,0.12507666666666667,297,0.0004946965860938624,34.102522291999776,pymatching,581.82
7,7,0.0001,1520,24044,4,15,10000000,3678727,0.3678727,1,2.718331640265777e-07,53.61921491599787,pymatching,581.82
