d,rounds,r,p,decoder,num_qubits,num_detectors,num_observables,post_select_obs,target_obs,shots,post_selected_shots,post_selection_rate,errors,logical_error_rate,decoding_time_sec,build_time_sec
3,3,1,0.0001,bposd,375,1246,4,"[1, 2, 3]",[0],800000,730537,0.91317125,5731,0.007844914083749351,810.5126635348424,0.0
3,3,1,0.0002,mwpf,375,1246,4,"[1, 2, 3]",[0],200000,166818,0.83409,547,0.003279022647436128,74.09547462919727,0.0
3,3,1,0.0005,mwpf,375,1246,4,"[1, 2, 3]",[0],500000,322278,0.644556,3235,0.010037917574268179,204.77102088928223,0.0
5,5,1,0.0002,mwpf,1215,5372,4,"[1, 2, 3]",[0],500000,333780,0.66756,1117,0.0033465156690035353,342.43436572374776,0.01
5,5,1,0.0005,mwpf,1215,5372,4,"[1, 2, 3]",[0],500000,196794,0.393588,2058,0.010457635903533644,744.4538550688885,0.01
7,7,1,0.0002,mwpf,2535,15078,4,"[1, 2, 3]",[0],500000,391033,0.782066,0,0.0,1646.98419211898,0.02
7,7,1,0.0005,mwpf,2535,15078,4,"[1, 2, 3]",[0],500000,277687,0.555374,0,0.0,3559.2098484821618,0.02
